78f641,::1,GET,http://localhost/admin/web/app_dev.php/,1504359492,,200
12a679,::1,GET,http://localhost/admin/web/,1504362053,,200
4866d8,::1,GET,http://localhost/admin/web/,1504362282,,200
fa0f6f,::1,GET,http://localhost/admin/web/,1504484734,,200
60e51b,::1,GET,http://localhost/admin/web/,1504484780,,200
f61447,::1,GET,http://localhost/admin/web/,1504493898,c20d97,200
c20d97,::1,GET,http://localhost/admin/web/,1504493898,,500
54fdaa,::1,GET,http://localhost/admin/web/,1504493936,d1dfba,200
d1dfba,::1,GET,http://localhost/admin/web/,1504493936,,500
dd1ccc,::1,GET,http://localhost/admin/web/,1504494064,,200
4c6e95,::1,GET,http://localhost/admin/web/,1504494068,,200
cfbe71,::1,GET,http://localhost/admin/web/,1504495292,,200
11ed43,::1,GET,http://localhost/admin/web/,1504495781,,200
d5ad67,::1,GET,http://localhost/admin/web/,1504496555,4dbd06,200
4dbd06,::1,GET,http://localhost/admin/web/,1504496555,,500
4760e5,::1,GET,http://localhost/admin/web/,1504496622,08ff45,200
08ff45,::1,GET,http://localhost/admin/web/,1504496622,,500
dbf043,::1,GET,http://localhost/admin/web/,1504496676,,200
ffcbdf,::1,GET,http://localhost/admin/web/,1504496702,8f7550,200
8f7550,::1,GET,http://localhost/admin/web/,1504496702,,500
ee3c3a,::1,GET,http://localhost/admin/web/,1504496743,d67e16,200
d67e16,::1,GET,http://localhost/admin/web/,1504496743,,500
ae8d94,::1,GET,http://localhost/admin/web/,1504496771,959d56,200
959d56,::1,GET,http://localhost/admin/web/,1504496771,,500
e2445f,::1,GET,http://localhost/admin/web/,1504496879,,200
a4f447,::1,GET,http://localhost/admin/web/,1504496883,,200
024fc1,::1,GET,http://localhost/admin/web/,1504496885,,200
